route_id,route_short_name,route_color,route_type
1,1,FFFFFF,bus
10,10,ed1c24,bus
100,100,ed1c24,bus
101,101,ed1c24,bus
102,102,ed1c24,bus
103,103,ed1c24,bus
104,104,ed1c24,bus
105,105,ed1c24,bus
106,106,ed1c24,bus
107,107,ed1c24,bus
108,108,ed1c24,bus
109,109,ed1c24,bus
11,11,ed1c24,bus
110,110,ed1c24,bus
111,111,ed1c24,bus
112,112,ed1c24,bus
113,113,ed1c24,bus
114,114,ed1c24,bus
115,115,ed1c24,bus
116,116,ed1c24,bus
117,117,ed1c24,bus
118,118,ed1c24,bus
119,119,ed1c24,bus
12,12,ed1c24,bus
120,120,ed1c24,bus
121,121,ed1c24,bus
122,122,ed1c24,bus
123,123,ed1c24,bus
124,124,ed1c24,bus
125,125,ed1c24,bus
126,126,ed1c24,bus
127,127,ed1c24,bus
129,129,ed1c24,bus
13,13,ed1c24,bus
130,130,ed1c24,bus
131,131,ed1c24,bus
132,132,ed1c24,bus
133,133,ed1c24,bus
134,134,ed1c24,bus
135,135,ed1c24,bus
14,14,ed1c24,bus
145,145,ed1c24,bus
149,149,ed1c24,bus
15,15,ed1c24,bus
151,151,ed1c24,bus
154,154,ed1c24,bus
156,156,ed1c24,bus
158,158,ed1c24,bus
16,16,ed1c24,bus
160,160,ed1c24,bus
161,161,ed1c24,bus
162,162,ed1c24,bus
164,164,ed1c24,bus
165,165,ed1c24,bus
166,166,ed1c24,bus
167,167,ed1c24,bus
168,168,ed1c24,bus
169,169,ed1c24,bus
17,17,ed1c24,bus
171,171,ed1c24,bus
18,18,ed1c24,bus
184,184,ed1c24,bus
185,185,ed1c24,bus
189,189,ed1c24,bus
19,19,ed1c24,bus
191,191,ed1c24,bus
2,2,FFFFFF,bus
20,20,ed1c24,bus
200,200,e472ac,bus
201,201,e472ac,bus
202,202,e472ac,bus
203,203,e472ac,bus
21,21,ed1c24,bus
22,22,ed1c24,bus
23,23,ed1c24,bus
24,24,ed1c24,bus
25,25,ed1c24,bus
26,26,ed1c24,bus
27,27,ed1c24,bus
28,28,ed1c24,bus
29,29,ed1c24,bus
30,30,ed1c24,bus
300,300,0054a6,bus
301,301,0054a6,streetcar
304,304,0054a6,streetcar
305,305,0054a6,streetcar
306,306,0054a6,streetcar
307,307,0054a6,bus
31,31,ed1c24,bus
310,310,0054a6,streetcar
312,312,0054a6,streetcar
315,315,0054a6,bus
316,316,0054a6,bus
32,32,ed1c24,bus
320,320,0054a6,bus
322,322,0054a6,bus
324,324,0054a6,bus
325,325,0054a6,bus
329,329,0054a6,bus
33,33,ed1c24,bus
334,334,0054a6,bus
335,335,0054a6,bus
336,336,0054a6,bus
337,337,0054a6,bus
339,339,0054a6,bus
34,34,ed1c24,bus
340,340,0054a6,bus
341,341,0054a6,bus
343,343,0054a6,bus
345,345,0054a6,bus
35,35,ed1c24,bus
352,352,0054a6,bus
353,353,0054a6,bus
354,354,0054a6,bus
36,36,ed1c24,bus
363,363,0054a6,bus
365,365,0054a6,bus
37,37,ed1c24,bus
373,373,0054a6,bus
38,38,ed1c24,bus
384,384,0054a6,bus
385,385,0054a6,bus
386,386,0054a6,bus
39,39,ed1c24,bus
395,395,0054a6,bus
396,396,0054a6,bus
4,4,FFFFFF,bus
40,40,ed1c24,bus
41,41,ed1c24,bus
42,42,ed1c24,bus
43,43,ed1c24,bus
44,44,ed1c24,bus
45,45,ed1c24,bus
46,46,ed1c24,bus
47,47,ed1c24,bus
48,48,ed1c24,bus
49,49,ed1c24,bus
5,5,ffffff,bus
50,50,ed1c24,bus
501,501,ed1c24,streetcar
503,503,ed1c24,streetcar
504,504,ed1c24,streetcar
505,505,ed1c24,streetcar
506,506,ed1c24,streetcar
507,507,ed1c24,streetcar
508,508,ed1c24,streetcar
509,509,ed1c24,streetcar
51,51,ed1c24,bus
510,510,ed1c24,streetcar
511,511,ed1c24,streetcar
512,512,ed1c24,streetcar
52,52,ed1c24,bus
53,53,ed1c24,bus
54,54,ed1c24,bus
55,55,ed1c24,bus
57,57,ed1c24,bus
59,59,ed1c24,bus
6,6,ffffff,bus
60,60,ed1c24,bus
61,61,ed1c24,bus
62,62,ed1c24,bus
63,63,ed1c24,bus
64,64,ed1c24,bus
65,65,ed1c24,bus
66,66,ed1c24,bus
67,67,ed1c24,bus
68,68,ed1c24,bus
69,69,ed1c24,bus
7,7,ed1c24,bus
70,70,ed1c24,bus
71,71,ed1c24,bus
72,72,ed1c24,bus
73,73,ed1c24,bus
74,74,ed1c24,bus
75,75,ed1c24,bus
76,76,ed1c24,bus
77,77,ed1c24,bus
78,78,ed1c24,bus
79,79,ed1c24,bus
8,8,ed1c24,bus
80,80,ed1c24,bus
82,82,ed1c24,bus
83,83,ed1c24,bus
830,830,ed1c24,bus
84,84,ed1c24,bus
85,85,ed1c24,bus
86,86,ed1c24,bus
87,87,ed1c24,bus
88,88,ed1c24,bus
882,882,808000,4
89,89,ed1c24,bus
9,9,ed1c24,bus
90,90,ed1c24,bus
900,900,00a651,bus
902,902,00a651,bus
903,903,00a651,bus
904,904,00a651,bus
905,905,00a651,bus
906,906,00a651,bus
91,91,ed1c24,bus
92,92,ed1c24,bus
924,924,00a651,bus
925,925,00a651,bus
927,927,00a651,bus
929,929,00a651,bus
93,93,ed1c24,bus
935,935,00a651,bus
937,937,00a651,bus
938,938,00a651,bus
939,939,00a651,bus
94,94,ed1c24,bus
941,941,00a651,bus
944,944,00a651,bus
945,945,00a651,bus
95,95,ed1c24,bus
952,952,00a651,bus
953,953,00a651,bus
954,954,00a651,bus
96,96,ed1c24,bus
960,960,00a651,bus
968,968,00a651,bus
97,97,ed1c24,bus
98,98,ed1c24,bus
984,984,00a651,bus
985,985,00a651,bus
986,986,00a651,bus
989,989,00a651,bus
99,99,ed1c24,bus
995,995,00a651,bus
996,996,00a651,bus
